sm89-q000;;/workspace/index-tts/data/audio/old/mingxiang_gao.wav;你今天穿这条裙子超好看！在哪买的？我也要冲！
sm89-q001;;/workspace/index-tts/data/audio/old/男新闻.wav;她送我的那束花，美到我眼眶都红了。
sm89-q002;;/workspace/index-tts/data/audio/old/yangying_final_denoised.wav;天哪那家甜品店今天居然半价，必须冲！
sm89-q003;;/workspace/index-tts/data/audio/old/xiaoyuan_gao.wav;我刚买了那条裙子，简直绝了！
sm89-q004;;/workspace/index-tts/data/audio/old/男新闻.wav;他居然记得我生日，我感动得差点哭出来。
sm89-q005;;/workspace/index-tts/data/audio/old/huge_final.wav;约会对象居然穿皮裤，我当场想走人。
sm89-q006;;/workspace/index-tts/data/audio/old/huge_final.wav;你新发型也太好看了吧，羡慕嫉妒恨！
sm89-q007;;/workspace/index-tts/data/audio/old/xiaoyuan_gao.wav;我妈又催我相亲，烦得我直接挂电话了。
sm89-q008;;/workspace/index-tts/data/audio/old/mingxiang_gao.wav;今天逛街看到一双超美的鞋，买不起好气哦。
sm89-q009;;/workspace/index-tts/data/audio/old/positive_denoised.wav;又买了两双鞋，这个月信用卡要爆了，后悔死。
sm89-q010;;/workspace/index-tts/data/audio/old/女新闻.wav;你猜我在健身房看到谁了？简直不敢相信！
sm89-q011;;/workspace/index-tts/data/audio/old/huge_final.wav;这鬼天气闷得我喘不过气，烦死了。
sm89-q012;;/workspace/index-tts/data/audio/old/zhangjingyi_final.wav;天哪！那个明星居然偷偷结婚了！
sm89-q013;;/workspace/index-tts/data/audio/old/女新闻.wav;气死我了，他说好一起看电影又放鸽子。
sm89-q014;;/workspace/index-tts/data/audio/old/mingxiang_gao.wav;刚喝到一杯咖啡苦到怀疑人生，你赶紧来救我。
sm89-q015;;/workspace/index-tts/data/audio/old/positive_denoised.wav;我昨晚失眠到三点，现在眼皮都在打架，撑不住了。
sm89-q016;;/workspace/index-tts/data/audio/old/positive_denoised.wav;你知不知道我刚才差点踩到一坨狗屎，吓死我了。
sm89-q017;;/workspace/index-tts/data/audio/old/zhangjingyi_final.wav;甜品店那个草莓蛋糕，我简直想冲进去抢啊！
sm89-q018;;/workspace/index-tts/data/audio/old/positive_denoised.wav;他说他遇到大麻烦了，我心脏都快跳出来了。
sm89-q019;;/workspace/index-tts/data/audio/old/yangying_final_denoised.wav;包裹到了！新裙子绝美，我真的爱了。
sm89-q020;;/workspace/index-tts/data/audio/old/zhoujielun_final_denoised.wav;我妈居然催我相亲，我笑到肚子痛。
sm89-q021;;/workspace/index-tts/data/audio/old/zhangjingyi_final.wav;逛街看到你前男友了，他居然胖了一圈，笑死。
sm89-q022;;/workspace/index-tts/data/audio/old/huge_final.wav;我刚刚一口气看完那部剧，哭得稀里哗啦。
sm89-q023;;/workspace/index-tts/data/audio/old/mingxiang_gao.wav;昨晚梦到被追，吓得我直接醒过来。
sm89-q024;;/workspace/index-tts/data/audio/old/mingxiang_gao.wav;今天地铁上有人踩我脚还不道歉，气死我了，真没素质。
sm89-q025;;/workspace/index-tts/data/audio/old/mingxiang_gao.wav;你上次说的那部电影我看了，哭得稀里哗啦，推荐！
sm89-q026;;/workspace/index-tts/data/audio/old/zhangjingyi_final.wav;刚看到那个包包打折，我心跳都漏了一拍，太绝了！
sm89-q027;;/workspace/index-tts/data/audio/old/女新闻.wav;那家火锅店居然关门了，我哭了好吗？
sm89-q028;;/workspace/index-tts/data/audio/old/xiaoyuan_gao.wav;天气预报说今天下雨，结果阳光超好哎。
sm89-q029;;/workspace/index-tts/data/audio/old/zhoujielun_final_denoised.wav;我照镜子发现额头爆了三颗痘，这日子没法过了。
sm89-q030;;/workspace/index-tts/data/audio/old/男新闻.wav;你今天中午吃什么呀？我纠结死了，啥都不想动。
sm89-q031;;/workspace/index-tts/data/audio/old/zhangjingyi_final.wav;我怀疑我老板在偷偷看我朋友圈，他点赞了！
sm89-q032;;/workspace/index-tts/data/audio/old/女新闻.wav;你别走嘛！再陪我聊五分钟，就五分钟。
sm89-q033;;/workspace/index-tts/data/audio/old/男新闻.wav;那个展览排队两小时，气死我了，转身就走了。
sm89-q034;;/workspace/index-tts/data/audio/old/xiaoyuan_gao.wav;周末那个音乐节入场券抢到了，我尖叫了！
sm89-q035;;/workspace/index-tts/data/audio/old/huge_final.wav;你升职啦？今晚我请客不醉不归！
sm89-q036;;/workspace/index-tts/data/audio/old/huge_final.wav;今天心情烂到爆，你说我该怎么办？
sm89-q037;;/workspace/index-tts/data/audio/old/男新闻.wav;你怎么又加班，我都无聊到数羊了！
sm89-q038;;/workspace/index-tts/data/audio/old/huge_final.wav;闺蜜你休息没？我失恋了，需要你肩膀靠一下。
sm89-q039;;/workspace/index-tts/data/audio/old/positive_denoised.wav;这雨下得没完没了，衣服都晒不干！
sm89-q040;;/workspace/index-tts/data/audio/old/zhangjingyi_final.wav;真的假的？她俩居然在一起了？好意外！
sm89-q041;;/workspace/index-tts/data/audio/old/mingxiang_gao.wav;闺蜜你昨天那顿火锅我还在回味呢。
sm89-q042;;/workspace/index-tts/data/audio/old/xiaoyuan_gao.wav;昨天看了那部电影，哭得我眼睛都肿了。
sm89-q043;;/workspace/index-tts/data/audio/old/yangying_final_denoised.wav;我都等了半小时了，他是不是忘了啊？
sm89-q044;;/workspace/index-tts/data/audio/old/xiaoyuan_gao.wav;人家好想你嘛，快出来陪我喝杯咖啡。
sm89-q045;;/workspace/index-tts/data/audio/old/mingxiang_gao.wav;决赛紧张？天哪，我手里咖啡都洒了。
sm89-q046;;/workspace/index-tts/data/audio/old/xiaoyuan_gao.wav;表妹婚礼？下个月16号，我裙子还没买呢！
sm89-q047;;/workspace/index-tts/data/audio/old/yangying_final_denoised.wav;听说隔壁小王和前台小姐姐好上了？真劲爆！
sm89-q048;;/workspace/index-tts/data/audio/old/huge_final.wav;那家火锅店排队一小时，味道居然一般般。
sm89-q049;;/workspace/index-tts/data/audio/old/zhoujielun_final_denoised.wav;刚那奶茶店小哥居然夸我裙子好看，开心得要命。
sm89-q050;;/workspace/index-tts/data/audio/old/positive_denoised.wav;天哪，那家新开的咖啡馆居然有我最爱的提拉米苏！
sm89-q051;;/workspace/index-tts/data/audio/old/zhangjingyi_final.wav;这个猫把狗吓得跳起来，笑死我了。
sm89-q052;;/workspace/index-tts/data/audio/old/huge_final.wav;我穿这条裙子简直无敌了！
sm89-q053;;/workspace/index-tts/data/audio/old/男新闻.wav;你陪我去染个粉色头发吧，就今天！
sm89-q054;;/workspace/index-tts/data/audio/old/男新闻.wav;你猜怎么着，我竟然在地铁上碰到吴彦祖了！
sm89-q055;;/workspace/index-tts/data/audio/old/zhoujielun_final_denoised.wav;你猜我看到谁了，前男友居然在便利店买泡面，太惨了吧！
sm89-q056;;/workspace/index-tts/data/audio/old/女新闻.wav;邻居的狗叫了一下午，我脑袋快炸了。
sm89-q057;;/workspace/index-tts/data/audio/old/xiaoyuan_gao.wav;刚才地铁站那个男生好帅啊！
sm89-q058;;/workspace/index-tts/data/audio/old/女新闻.wav;一个人吃蛋糕，蜡烛都没人吹……
sm89-q059;;/workspace/index-tts/data/audio/old/mingxiang_gao.wav;你男朋友昨天穿得好像圣诞树。
sm89-q060;;/workspace/index-tts/data/audio/old/huge_final.wav;天哪！我们下午就在那钓鱼？！这也太吓人了吧。
sm89-q061;;/workspace/index-tts/data/audio/old/zhangjingyi_final.wav;最近地铁上总能闻到好奇怪的香水味，好恶心。
sm89-q062;;/workspace/index-tts/data/audio/old/zhangjingyi_final.wav;那个渣男又给我发消息，我直接拉黑。
sm89-q063;;/workspace/index-tts/data/audio/old/mingxiang_gao.wav;天哪，我昨天居然梦到我们一起去了南极！
sm89-q064;;/workspace/index-tts/data/audio/old/positive_denoised.wav;刚才那个鬼片镜头吓得我手机都扔了。
sm89-q065;;/workspace/index-tts/data/audio/old/zhoujielun_final_denoised.wav;你送我的耳环太漂亮了感动哭。
sm89-q066;;/workspace/index-tts/data/audio/old/yangying_final_denoised.wav;他居然忘了我们纪念日，气死我了。
sm89-q067;;/workspace/index-tts/data/audio/old/mingxiang_gao.wav;你猜我在酒吧碰到谁了？前男友！他胖了一圈。
sm89-q068;;/workspace/index-tts/data/audio/old/yangying_final_denoised.wav;刚才地铁上有个男生对我笑了，好心动！
sm89-q069;;/workspace/index-tts/data/audio/old/女新闻.wav;楼下咖啡馆的蛋糕也太好吃了，我差点把盘子舔干净。
sm89-q070;;/workspace/index-tts/data/audio/old/xiaoyuan_gao.wav;快看！我拍卖会上抢到的复古胸针，才花了五十块，赚翻了！
sm89-q071;;/workspace/index-tts/data/audio/old/男新闻.wav;那部电影我刷了三遍，每次看都哭得不行。
sm89-q072;;/workspace/index-tts/data/audio/old/yangying_final_denoised.wav;那条裙子打折居然没我的码，太崩溃了。
sm89-q073;;/workspace/index-tts/data/audio/old/mingxiang_gao.wav;突然好想你啊，明天出来喝咖啡好不好？
sm89-q074;;/workspace/index-tts/data/audio/old/zhangjingyi_final.wav;天哪那条裙子打折了我必须拿下！
sm89-q075;;/workspace/index-tts/data/audio/old/女新闻.wav;快看那个限量款包，五折诶，我的天！
sm89-q076;;/workspace/index-tts/data/audio/old/positive_denoised.wav;你知道吗，他居然给我送花了！我吓一跳！
sm89-q077;;/workspace/index-tts/data/audio/old/xiaoyuan_gao.wav;我妈又催我相亲，烦得我想连夜买票去西藏。
sm89-q078;;/workspace/index-tts/data/audio/old/zhoujielun_final_denoised.wav;刚做完脸，皮肤好到发光。
sm89-q079;;/workspace/index-tts/data/audio/old/positive_denoised.wav;新开的咖啡店装修好美，但拿铁甜得我直皱眉。
sm89-q080;;/workspace/index-tts/data/audio/old/positive_denoised.wav;我在地铁上看到一只超可爱的柯基，心都化了。
sm89-q081;;/workspace/index-tts/data/audio/old/xiaoyuan_gao.wav;下雨天好烦，想窝在被子里一整天。
sm89-q082;;/workspace/index-tts/data/audio/old/yangying_final_denoised.wav;你猜我刚才遇到谁了？简直不敢相信！
sm89-q083;;/workspace/index-tts/data/audio/old/mingxiang_gao.wav;今天逛街看到那条裙子，美得我直接尖叫出声。
sm89-q084;;/workspace/index-tts/data/audio/old/yangying_final_denoised.wav;刚发现新买的裙子打折，亏了三百块，气死我了！
sm89-q085;;/workspace/index-tts/data/audio/old/zhoujielun_final_denoised.wav;我的天，这衬衫打折打到骨折，必须拿下！
sm89-q086;;/workspace/index-tts/data/audio/old/yangying_final_denoised.wav;那个明星塌房了？我昨晚还刷到他帅照呢。
sm89-q087;;/workspace/index-tts/data/audio/old/xiaoyuan_gao.wav;我突然好想吃麻辣烫，现在立刻马上！
sm89-q088;;/workspace/index-tts/data/audio/old/xiaoyuan_gao.wav;我昨天遇到一个超级讨厌的男生。
sm89-q089;;/workspace/index-tts/data/audio/old/女新闻.wav;她那条朋友圈发得也太绿茶了，受不了。
sm89-q090;;/workspace/index-tts/data/audio/old/zhangjingyi_final.wav;快看路边那只柯基，屁股扭得我心情超好！
sm89-q091;;/workspace/index-tts/data/audio/old/mingxiang_gao.wav;健身房刚办卡就懒得动，钱白花了后悔死。
sm89-q092;;/workspace/index-tts/data/audio/old/huge_final.wav;健身房那个教练身材好到让人流鼻血。
sm89-q093;;/workspace/index-tts/data/audio/old/男新闻.wav;你上次送我的礼物我好感动！
sm89-q094;;/workspace/index-tts/data/audio/old/mingxiang_gao.wav;那边有只超萌的柯基，我们快过去看看！
sm89-q095;;/workspace/index-tts/data/audio/old/mingxiang_gao.wav;这个月又超支了，我要剁手！
sm89-q096;;/workspace/index-tts/data/audio/old/yangying_final_denoised.wav;我刚做了个超棒的蛋糕，你快来尝尝嘛，保证好吃！
sm89-q097;;/workspace/index-tts/data/audio/old/yangying_final_denoised.wav;今天天气好好啊，你请假陪我去野餐好不好嘛？
sm89-q098;;/workspace/index-tts/data/audio/old/huge_final.wav;今天被同事莫名其妙怼了，气死我了。
sm89-q099;;/workspace/index-tts/data/audio/old/zhoujielun_final_denoised.wav;口红试色翻车了，涂上去像刚吃了小孩。
sm89-q100;;/workspace/index-tts/data/audio/old/男新闻.wav;天哪你这条裙子也太绝了吧！
sm89-q101;;/workspace/index-tts/data/audio/old/yangying_final_denoised.wav;楼下那家奶茶店居然关门了，我的快乐源泉没了！
sm89-q102;;/workspace/index-tts/data/audio/old/positive_denoised.wav;我膝盖都软了，你赶紧扶我一下。
sm89-q103;;/workspace/index-tts/data/audio/old/女新闻.wav;你猜我刚刚在电梯里遇到谁了，说出来吓你一跳。
sm89-q104;;/workspace/index-tts/data/audio/old/xiaoyuan_gao.wav;你这件裙子也太好看了吧，哪里买的快告诉我！
sm89-q105;;/workspace/index-tts/data/audio/old/zhoujielun_final_denoised.wav;加班又没赶上末班车，这破班我是一秒都不想上了。
sm89-q106;;/workspace/index-tts/data/audio/old/positive_denoised.wav;地铁那男的踩我脚还不道歉，真想骂人。
sm89-q107;;/workspace/index-tts/data/audio/old/男新闻.wav;那个渣男又发朋友圈秀恩爱，看得我血压都飙了。
sm89-q108;;/workspace/index-tts/data/audio/old/mingxiang_gao.wav;你今天穿那件风衣绝对炸街，别犹豫了！
sm89-q109;;/workspace/index-tts/data/audio/old/mingxiang_gao.wav;天哪，这家咖啡厅的蛋糕也太好吃了吧！
sm89-q110;;/workspace/index-tts/data/audio/old/zhoujielun_final_denoised.wav;好烦啊，我新买的耳环又不知道丢哪儿去了。
sm89-q111;;/workspace/index-tts/data/audio/old/zhangjingyi_final.wav;我刚刚看到那个咖啡馆新开张！必须去试试。
sm89-q112;;/workspace/index-tts/data/audio/old/positive_denoised.wav;你昨天爽约我真的好难过啊。
sm89-q113;;/workspace/index-tts/data/audio/old/男新闻.wav;你竟然偷偷给我买了这个！太爱你了！
sm89-q114;;/workspace/index-tts/data/audio/old/女新闻.wav;啊？你居然加班到现在？太过分了吧。
sm89-q115;;/workspace/index-tts/data/audio/old/yangying_final_denoised.wav;收到一条前任的消息，真烦。
sm89-q116;;/workspace/index-tts/data/audio/old/男新闻.wav;他居然忘记我生日了，气死我了！
sm89-q117;;/workspace/index-tts/data/audio/old/mingxiang_gao.wav;明明不是我的错，为什么都怪我。
sm89-q118;;/workspace/index-tts/data/audio/old/女新闻.wav;你猜怎么着，我养的猫居然学会开冰箱了，太离谱了！
sm89-q119;;/workspace/index-tts/data/audio/old/zhangjingyi_final.wav;这节普拉提课简直要了我的老命。
sm89-q120;;/workspace/index-tts/data/audio/old/xiaoyuan_gao.wav;我刚看到那件限量款裙子，简直美炸了！
sm89-q121;;/workspace/index-tts/data/audio/old/zhangjingyi_final.wav;你妈又催你相亲？哎我懂，咱俩抱头痛哭。
sm89-q122;;/workspace/index-tts/data/audio/old/男新闻.wav;我刚睡醒，眼睛都睁不开，好烦啊。
sm89-q123;;/workspace/index-tts/data/audio/old/zhoujielun_final_denoised.wav;这家奶茶也太好喝了吧，我明天必须再来一杯！
sm89-q124;;/workspace/index-tts/data/audio/old/huge_final.wav;我刚看到一只流浪猫，腿断了，好可怜啊。
sm89-q125;;/workspace/index-tts/data/audio/old/mingxiang_gao.wav;这家新开的甜品店绝了，下次带你去！
sm89-q126;;/workspace/index-tts/data/audio/old/女新闻.wav;看到前任朋友圈秀恩爱，心里酸酸的怎么回事。
sm89-q127;;/workspace/index-tts/data/audio/old/女新闻.wav;那个韩剧男主最后死了，我哭得眼睛都肿了。
sm89-q128;;/workspace/index-tts/data/audio/old/zhangjingyi_final.wav;你居然记得我生日，太感动了！
sm89-q129;;/workspace/index-tts/data/audio/old/huge_final.wav;前任又发自拍，真受不了，太装了。
sm89-q130;;/workspace/index-tts/data/audio/old/mingxiang_gao.wav;我刚刷到个超好笑的视频，你快看快看！
sm89-q131;;/workspace/index-tts/data/audio/old/zhangjingyi_final.wav;楼下新开的咖啡馆，居然搞到凌晨三点打烊！
sm89-q132;;/workspace/index-tts/data/audio/old/zhoujielun_final_denoised.wav;你那个新包好好看，在哪买的？
sm89-q133;;/workspace/index-tts/data/audio/old/positive_denoised.wav;我家猫又生病了，我好担心它啊。
sm89-q134;;/workspace/index-tts/data/audio/old/女新闻.wav;你知道那个谁和谁在一起了吗？巨劲爆！
sm89-q135;;/workspace/index-tts/data/audio/old/男新闻.wav;晚上一起蹦迪吧，我请客！
sm89-q136;;/workspace/index-tts/data/audio/old/xiaoyuan_gao.wav;你知不知道我昨晚失眠到三点，烦死了。
sm89-q137;;/workspace/index-tts/data/audio/old/huge_final.wav;闺蜜你老板又发疯，快跳槽来跟我混！
sm89-q138;;/workspace/index-tts/data/audio/old/xiaoyuan_gao.wav;昨晚做梦梦到我们中彩票了，吓醒我了。
sm89-q139;;/workspace/index-tts/data/audio/old/huge_final.wav;下雨天我居然没带伞，淋成落汤鸡了，太惨了。
sm89-q140;;/workspace/index-tts/data/audio/old/zhangjingyi_final.wav;今天咖啡店那个小哥，帅得我把糖都加错了。
sm89-q141;;/workspace/index-tts/data/audio/old/huge_final.wav;天啊这条裙子也太显身材了吧！
sm89-q142;;/workspace/index-tts/data/audio/old/zhangjingyi_final.wav;天哪我新买的裙子被咖啡泼了，这可是限量款啊我要哭了！
sm89-q143;;/workspace/index-tts/data/audio/old/女新闻.wav;他居然忘记我生日，我真的无语死了。
sm89-q144;;/workspace/index-tts/data/audio/old/mingxiang_gao.wav;雨下三天了，我都要发霉了，好烦躁啊！
sm89-q145;;/workspace/index-tts/data/audio/old/女新闻.wav;我手机掉厕所里了，天哪我要疯了。
sm89-q146;;/workspace/index-tts/data/audio/old/男新闻.wav;这家店新出的提拉米苏，吃一口幸福感爆棚。
sm89-q147;;/workspace/index-tts/data/audio/old/男新闻.wav;你猜我昨天在酒吧碰到谁了？简直不敢相信！
sm89-q148;;/workspace/index-tts/data/audio/old/mingxiang_gao.wav;闺蜜你居然忘了我的生日，心碎成渣了。
sm89-q149;;/workspace/index-tts/data/audio/old/positive_denoised.wav;前男友发新照了，他居然还单着，笑死我了。
sm89-q150;;/workspace/index-tts/data/audio/old/zhoujielun_final_denoised.wav;我昨天还泡吧呢，今天吓得赶紧戴口罩。
sm89-q151;;/workspace/index-tts/data/audio/old/yangying_final_denoised.wav;刷到一个猫猫跳舞视频，笑到肚子疼，你赶紧看。
sm89-q152;;/workspace/index-tts/data/audio/old/huge_final.wav;你都不知道，我在地铁上被人踩了一脚，疼死。了。
sm89-q153;;/workspace/index-tts/data/audio/old/yangying_final_denoised.wav;健身房镜子里的我胖了三圈，真的崩溃。
sm89-q154;;/workspace/index-tts/data/audio/old/positive_denoised.wav;那只小猫好可怜，我们带它回家好不好。
sm89-q155;;/workspace/index-tts/data/audio/old/zhangjingyi_final.wav;你猜我刚刚在商场看见谁了？天哪。
sm89-q156;;/workspace/index-tts/data/audio/old/huge_final.wav;哇塞，这家甜品店的提拉米苏也太好吃了吧。
sm89-q157;;/workspace/index-tts/data/audio/old/mingxiang_gao.wav;天哪，街角那个男生简直是我的理想型！
sm89-q158;;/workspace/index-tts/data/audio/old/yangying_final_denoised.wav;家里水管突然爆了，救命啊。
sm89-q159;;/workspace/index-tts/data/audio/old/zhoujielun_final_denoised.wav;我家猫咪不吃不喝，急死我了怎么办。
sm89-q160;;/workspace/index-tts/data/audio/old/女新闻.wav;你猜我刚才在咖啡厅看见谁了？前任！尴尬死。
sm89-q161;;/workspace/index-tts/data/audio/old/positive_denoised.wav;这西瓜甜得我撑死了但真的好幸福。
sm89-q162;;/workspace/index-tts/data/audio/old/positive_denoised.wav;凭什么她就能买那么贵的包啊好气。
sm89-q163;;/workspace/index-tts/data/audio/old/yangying_final_denoised.wav;刚跑步机上摔了一跤，膝盖破皮了，我是不是很蠢？
sm89-q164;;/workspace/index-tts/data/audio/old/yangying_final_denoised.wav;我昨天梦到我们一起去海边，醒来好失落啊。
sm89-q165;;/workspace/index-tts/data/audio/old/positive_denoised.wav;你居然偷偷给我买了这个手链，感动哭。
sm89-q166;;/workspace/index-tts/data/audio/old/positive_denoised.wav;那个老朋友？我早删微信了，谁还记得呀！
sm89-q167;;/workspace/index-tts/data/audio/old/zhoujielun_final_denoised.wav;隔壁新开的咖啡馆太绝了，你赶紧来尝尝。
sm89-q168;;/workspace/index-tts/data/audio/old/男新闻.wav;累死了，爬个楼梯喘得跟狗一样。
sm89-q169;;/workspace/index-tts/data/audio/old/huge_final.wav;哎你昨晚没看新闻吗，吓死我了！
sm89-q170;;/workspace/index-tts/data/audio/old/positive_denoised.wav;今天太阳超好，我们去公园野餐吧。
sm89-q171;;/workspace/index-tts/data/audio/old/yangying_final_denoised.wav;刚才路过花店，那束玫瑰香得我走不动路。
sm89-q172;;/workspace/index-tts/data/audio/old/yangying_final_denoised.wav;刚在超市碰到前男友，他胖得像气球笑死我。
sm89-q173;;/workspace/index-tts/data/audio/old/男新闻.wav;这个鬼天气，热得我妆都花了。
sm89-q174;;/workspace/index-tts/data/audio/old/yangying_final_denoised.wav;那个男人今天又没回消息，他是什么意思啊？
sm89-q175;;/workspace/index-tts/data/audio/old/女新闻.wav;今天这个妆封神了，我忍不住自拍一百张。
sm89-q176;;/workspace/index-tts/data/audio/old/zhangjingyi_final.wav;那个奶茶店的新品也太好喝了吧，我上瘾了。
sm89-q177;;/workspace/index-tts/data/audio/old/xiaoyuan_gao.wav;昨晚梦见咱俩去蹦极，吓醒发现枕头都湿了，真离谱。
sm89-q178;;/workspace/index-tts/data/audio/old/huge_final.wav;突然好想吃火锅，现在立刻马上！
sm89-q179;;/workspace/index-tts/data/audio/old/zhangjingyi_final.wav;天哪！我新买的耳环居然掉了一只！
sm89-q180;;/workspace/index-tts/data/audio/old/mingxiang_gao.wav;楼下新开的甜品店，提拉米苏绝了！
sm89-q181;;/workspace/index-tts/data/audio/old/女新闻.wav;闺蜜你居然背着我吃独食，太过分了。
sm89-q182;;/workspace/index-tts/data/audio/old/xiaoyuan_gao.wav;我追的剧今晚大结局，紧张得手都在抖。
sm89-q183;;/workspace/index-tts/data/audio/old/男新闻.wav;刚看完一部电影，哭得我妆都花了，太感动了。
sm89-q184;;/workspace/index-tts/data/audio/old/男新闻.wav;右边那个男生好帅，你快看一眼。
sm89-q185;;/workspace/index-tts/data/audio/old/zhangjingyi_final.wav;你猜我刚才看到谁了？天哪，竟然是他！
sm89-q186;;/workspace/index-tts/data/audio/old/yangying_final_denoised.wav;你看这件裙子，太衬我了吧，必须买！
sm89-q187;;/workspace/index-tts/data/audio/old/zhangjingyi_final.wav;天哪！这件大衣打五折，快陪我去抢！
sm89-q188;;/workspace/index-tts/data/audio/old/zhoujielun_final_denoised.wav;那个渣男居然在朋友圈秀恩爱，恶心透顶。
sm89-q189;;/workspace/index-tts/data/audio/old/男新闻.wav;你猜我昨晚熬到几点，追完那部剧了。
sm89-q190;;/workspace/index-tts/data/audio/old/positive_denoised.wav;那家新开的火锅店也太好看了吧！
sm89-q191;;/workspace/index-tts/data/audio/old/positive_denoised.wav;刚在电梯里碰到个奇葩，一直盯着我看。
sm89-q192;;/workspace/index-tts/data/audio/old/zhoujielun_final_denoised.wav;下雨天窝在家刷剧，这种日子也太幸福了吧！
sm89-q193;;/workspace/index-tts/data/audio/old/zhoujielun_final_denoised.wav;这家火锅店太绝了，辣得我头皮发麻还要吃。
sm89-q194;;/workspace/index-tts/data/audio/old/mingxiang_gao.wav;今天地铁上被人踩了一脚，疼死了！
sm89-q195;;/workspace/index-tts/data/audio/old/女新闻.wav;今晚的音乐太带感，我要跳到天亮！
sm89-q196;;/workspace/index-tts/data/audio/old/zhoujielun_final_denoised.wav;我刚看到朋友圈，你居然去巴黎了？
sm89-q197;;/workspace/index-tts/data/audio/old/huge_final.wav;这件裙子也太好看了吧！必须拿下！
sm89-q198;;/workspace/index-tts/data/audio/old/zhoujielun_final_denoised.wav;刚才地铁上有个帅哥对我笑诶！
sm89-q199;;/workspace/index-tts/data/audio/old/yangying_final_denoised.wav;听说小李劈腿了？我的八卦雷达响了！
sm89-q200;;/workspace/index-tts/data/audio/old/positive_denoised.wav;那个老板有病吧，凭什么这样对你！
sm89-q201;;/workspace/index-tts/data/audio/old/zhangjingyi_final.wav;我刚在咖啡店遇到一个超帅的男生！
sm89-q202;;/workspace/index-tts/data/audio/old/zhoujielun_final_denoised.wav;他照片里笑那么开心，真让人不爽。
sm89-q203;;/workspace/index-tts/data/audio/old/女新闻.wav;刚才那部电影也太绝了，我眼泪根本停不下来！
sm89-q204;;/workspace/index-tts/data/audio/old/zhoujielun_final_denoised.wav;他给我送花了，红色玫瑰，我超感动。
sm89-q205;;/workspace/index-tts/data/audio/old/mingxiang_gao.wav;这雨下得没完没了，衣服都晾不干。
sm89-q206;;/workspace/index-tts/data/audio/old/xiaoyuan_gao.wav;这日落美得我手机都差点扔海里。
sm89-q207;;/workspace/index-tts/data/audio/old/positive_denoised.wav;你上次说的那个口红颜色，我试了，简直是死亡芭比粉我哭了。
sm89-q208;;/workspace/index-tts/data/audio/old/zhoujielun_final_denoised.wav;你猜怎么着，我收到一封匿名情书，害怕。
sm89-q209;;/workspace/index-tts/data/audio/old/xiaoyuan_gao.wav;刚收到花，心情好到飞起来，今晚必须庆祝一下。
sm89-q210;;/workspace/index-tts/data/audio/old/huge_final.wav;今天被老板骂了一顿，真想辞职去环游世界。
sm89-q211;;/workspace/index-tts/data/audio/old/女新闻.wav;我新买的那个包包，简直美到我心坎里了！
sm89-q212;;/workspace/index-tts/data/audio/old/zhangjingyi_final.wav;那个老板简直过分，气到我胃疼！
sm89-q213;;/workspace/index-tts/data/audio/old/xiaoyuan_gao.wav;天哪，市长要来我们这片视察了！
sm89-q214;;/workspace/index-tts/data/audio/old/女新闻.wav;闺蜜说我胖了，这绝对是在开玩笑吧？
sm89-q215;;/workspace/index-tts/data/audio/old/yangying_final_denoised.wav;我刚发现一家超棒的甜品店，明天必须去！
sm89-q216;;/workspace/index-tts/data/audio/old/xiaoyuan_gao.wav;这条裙子绝了，穿上我就是仙女本人好不好！
sm89-q217;;/workspace/index-tts/data/audio/old/zhoujielun_final_denoised.wav;聊到这么晚，眼皮打架但就是不困。
sm89-q218;;/workspace/index-tts/data/audio/old/男新闻.wav;我刚刚在公园喂鸽子，居然被一只追着啄，吓死我了。
sm89-q219;;/workspace/index-tts/data/audio/old/xiaoyuan_gao.wav;当初要听你的，也不至于这样。
sm89-q220;;/workspace/index-tts/data/audio/old/xiaoyuan_gao.wav;那个男生居然约我看电影？太意外了。
sm89-q221;;/workspace/index-tts/data/audio/old/zhangjingyi_final.wav;那个渣男又放我鸽子，我绝饶不了他。
sm89-q222;;/workspace/index-tts/data/audio/old/男新闻.wav;天哪，我刚睡醒发现手机自动关机了！
sm89-q223;;/workspace/index-tts/data/audio/old/zhoujielun_final_denoised.wav;你昨天说的那个男生加我了，他主动约我喝咖啡哦！
sm89-q224;;/workspace/index-tts/data/audio/old/huge_final.wav;这件裙子超好看我必须立刻拿下！
sm89-q225;;/workspace/index-tts/data/audio/old/huge_final.wav;我新买的裙子简直绝了，明天聚会必须穿它。
sm89-q226;;/workspace/index-tts/data/audio/old/zhoujielun_final_denoised.wav;天哪她那条裙子闪得我眼睛疼！
sm89-q227;;/workspace/index-tts/data/audio/old/女新闻.wav;他居然真的走了，我好难过啊。
sm89-q228;;/workspace/index-tts/data/audio/old/男新闻.wav;还记得大学时我们半夜翻墙出去吃烧烤吗？
sm89-q229;;/workspace/index-tts/data/audio/old/mingxiang_gao.wav;今天地铁上有人大声外放视频，烦。
sm89-q230;;/workspace/index-tts/data/audio/old/女新闻.wav;你有没有听到什么动静？我总觉得背后发凉。
sm89-q231;;/workspace/index-tts/data/audio/old/zhoujielun_final_denoised.wav;这破雨下得我心情都湿透了！
sm89-q232;;/workspace/index-tts/data/audio/old/yangying_final_denoised.wav;昨晚梦到我在巴黎铁塔下喝香槟，好浪漫。
sm89-q233;;/workspace/index-tts/data/audio/old/yangying_final_denoised.wav;今天逛街看到一条裙子，美得我腿软。
sm89-q234;;/workspace/index-tts/data/audio/old/huge_final.wav;你居然偷偷给我买了这个，我超爱你的！
sm89-q235;;/workspace/index-tts/data/audio/old/男新闻.wav;你听说了吗？小美居然辞职去创业了，我整个人都震惊了。
sm89-q236;;/workspace/index-tts/data/audio/old/男新闻.wav;昨晚梦到前任，醒来心情直接跌到谷底。
sm89-q237;;/workspace/index-tts/data/audio/old/xiaoyuan_gao.wav;天哪警察局门口那一排车出大事了吧？
sm89-q238;;/workspace/index-tts/data/audio/old/女新闻.wav;你送的手链太美了，我今晚就要戴着去派对！
sm89-q239;;/workspace/index-tts/data/audio/old/huge_final.wav;还记得毕业旅行那晚的星空吗，好想哭。
sm89-q240;;/workspace/index-tts/data/audio/old/mingxiang_gao.wav;那家奶茶店居然关门了，我的快乐没了！
sm89-q241;;/workspace/index-tts/data/audio/old/xiaoyuan_gao.wav;你别催了，我的口红涂歪了好几次！
sm89-q242;;/workspace/index-tts/data/audio/old/xiaoyuan_gao.wav;这剧太虐了，我哭得不行了。
sm89-q243;;/workspace/index-tts/data/audio/old/huge_final.wav;养的绿萝死掉了，我是不是连草都养不活。
sm89-q244;;/workspace/index-tts/data/audio/old/男新闻.wav;我新买的裙子被咖啡溅到，气死我了！
sm89-q245;;/workspace/index-tts/data/audio/old/女新闻.wav;姐妹！新店咖啡超好喝，你快来！
sm89-q246;;/workspace/index-tts/data/audio/old/zhangjingyi_final.wav;你送我耳环太惊喜了，我转了好几圈原地蹦。
sm89-q247;;/workspace/index-tts/data/audio/old/positive_denoised.wav;天哪我刚刷到那个限量包包补货了！
sm89-q248;;/workspace/index-tts/data/audio/old/positive_denoised.wav;快看！那只小狗在跳舞，萌翻我了！
sm89-q249;;/workspace/index-tts/data/audio/old/xiaoyuan_gao.wav;那个人真是太过分了，气死我了！
sm89-q250;;/workspace/index-tts/data/audio/old/zhoujielun_final_denoised.wav;今天阳光好得离谱，咱们去野餐吧！
sm89-q251;;/workspace/index-tts/data/audio/old/zhangjingyi_final.wav;突然觉得好孤独，你说人为什么要长大？
sm89-q252;;/workspace/index-tts/data/audio/old/positive_denoised.wav;趁他没走，今晚必须拉他喝到天亮。
sm89-q253;;/workspace/index-tts/data/audio/old/yangying_final_denoised.wav;你居然会做饭？我天，太阳打西边出来了！
sm89-q254;;/workspace/index-tts/data/audio/old/positive_denoised.wav;那个咖啡师今天居然认出我了！超惊喜！
sm89-q255;;/workspace/index-tts/data/audio/old/huge_final.wav;喂，你猜我刚在咖啡店碰到谁了？
